observation_id,drug,trial,nct_id,treatment_arm,population,sample_size,endpoint_definition,endpoint_type,measurement_window,measurement_window_days,numerator,denominator,unit,background_treatment,exclusions,source_id,source_url,document_page,publication_date,value_type,verification_status,verified_by,verified_date,notes
C3-01,Deucrictibant XR,CHAPTER-3,NCT06669754,Deucrictibant XR 40 mg QD,"Adolescents and adults with HAE type 1, type 2 or HAE with normal C1-inhibitor",55,Time-normalized (per 4 weeks) number of investigator-confirmed HAE attacks during the 24-week treatment period,primary_rate,24 weeks,168,,,attacks per 4 weeks,None (monotherapy after protocol washout),"Non-HAE angioedema diagnosis; prior deucrictibant prophylaxis; ACE-inhibitor or systemic estrogen exposure within 4 weeks; prior gene therapy; HAE prophylaxis washout (C1-INH, oral kallikrein inhibitors, antifibrinolytics within 2 weeks; attenuated androgens within 4 weeks; monoclonal antibody within 5 half-lives)",S01,https://app.edgar.tools/filing/1830487/0001193125-26-384339/phvs-ex99_1.htm,Exhibit 99.1,2026-09-08,reported,verified_primary,Pharvaris topline press release + ClinicalTrials.gov NCT06669754,2026-10-05,"83% mean monthly attack-rate reduction vs placebo (p<0.0001; 95% CI 72-90 per secondary report); 87% in HAE type 1/2 subgroup (n=80)"
C3-02,Deucrictibant XR,CHAPTER-3,NCT06669754,Deucrictibant XR 40 mg QD,"Adolescents and adults with HAE type 1, type 2 or HAE with normal C1-inhibitor",55,Proportion of participants achieving at least 50% reduction in HAE attack rate relative to baseline,secondary_responder,24 weeks,168,54,55,participants,None (monotherapy after protocol washout),"Non-HAE angioedema diagnosis; prior deucrictibant prophylaxis; ACE-inhibitor or systemic estrogen exposure within 4 weeks; prior gene therapy; HAE prophylaxis washout",S01,https://app.edgar.tools/filing/1830487/0001193125-26-384339/phvs-ex99_1.htm,Provisional pitch value pending full results publication,2026-09-08,assumed,provisional_unverified,Pending CSR / congress disclosure,2026-10-05,"PROVISIONAL. Secondary endpoint listed in protocol but no numerator/denominator has been published as of 2026-10-05. Not yet independently verified."
C3-03,Deucrictibant XR,CHAPTER-3,NCT06669754,Deucrictibant XR 40 mg QD,"Adolescents and adults with HAE type 1, type 2 or HAE with normal C1-inhibitor",55,Proportion of participants achieving at least 70% reduction in HAE attack rate relative to baseline,secondary_responder,24 weeks,168,53,55,participants,None (monotherapy after protocol washout),"Non-HAE angioedema diagnosis; prior deucrictibant prophylaxis; ACE-inhibitor or systemic estrogen exposure within 4 weeks; prior gene therapy; HAE prophylaxis washout",S01,https://app.edgar.tools/filing/1830487/0001193125-26-384339/phvs-ex99_1.htm,Provisional pitch value pending full results publication,2026-09-08,assumed,provisional_unverified,Pending CSR / congress disclosure,2026-10-05,"PROVISIONAL. Protocol-specified secondary endpoint; numerator/denominator not yet in the public record."
C3-04,Deucrictibant XR,CHAPTER-3,NCT06669754,Deucrictibant XR 40 mg QD,"Adolescents and adults with HAE type 1, type 2 or HAE with normal C1-inhibitor",55,Proportion of participants achieving at least 90% reduction in HAE attack rate relative to baseline,secondary_responder,24 weeks,168,36,55,participants,None (monotherapy after protocol washout),"Non-HAE angioedema diagnosis; prior deucrictibant prophylaxis; ACE-inhibitor or systemic estrogen exposure within 4 weeks; prior gene therapy; HAE prophylaxis washout",S01,https://app.edgar.tools/filing/1830487/0001193125-26-384339/phvs-ex99_1.htm,Provisional pitch value pending full results publication,2026-09-08,assumed,provisional_unverified,Pending CSR / congress disclosure,2026-10-05,"PROVISIONAL. Protocol-specified secondary endpoint; numerator/denominator not yet in the public record."
C3-05,Deucrictibant XR,CHAPTER-3,NCT06669754,Deucrictibant XR 40 mg QD,"Adolescents and adults with HAE type 1, type 2 or HAE with normal C1-inhibitor",55,Proportion of participants that are HAE attack-free during the 24-week treatment period,secondary_responder,24 weeks,168,25,55,participants,None (monotherapy after protocol washout),"Non-HAE angioedema diagnosis; prior deucrictibant prophylaxis; ACE-inhibitor or systemic estrogen exposure within 4 weeks; prior gene therapy; HAE prophylaxis washout",S01,https://app.edgar.tools/filing/1830487/0001193125-26-384339/phvs-ex99_1.htm,Provisional pitch value pending full results publication,2026-09-08,reported,corroborated_secondary,Corroborated against conference-call summary (nearly half attack-free),2026-10-05,"PARTIALLY VERIFIED: count 25/55 = 45.5% is consistent with the contemporaneous summary 'nearly half of treated patients remaining attack-free over 24 weeks'. Exact count not yet in a peer-reviewed or registry results table."
C3-06,Placebo,CHAPTER-3,NCT06669754,Placebo,"Adolescents and adults with HAE type 1, type 2 or HAE with normal C1-inhibitor",30,Time-normalized (per 4 weeks) number of investigator-confirmed HAE attacks during the 24-week treatment period,primary_rate,24 weeks,168,,,attacks per 4 weeks,Matched placebo,"Non-HAE angioedema diagnosis; prior deucrictibant prophylaxis; ACE-inhibitor or systemic estrogen exposure within 4 weeks; prior gene therapy; HAE prophylaxis washout",S01,https://app.edgar.tools/filing/1830487/0001193125-26-384339/phvs-ex99_1.htm,Exhibit 99.1,2026-09-08,reported,verified_primary,Pharvaris topline press release,2026-10-05,"2:1 randomisation, 85 randomised total (55 active / 30 placebo), 21 countries"
C1-01,Deucrictibant IR,CHAPTER-1,NCT05047185,Placebo,Adults with HAE type I or type II,11,Proportion of participants achieving at least 50% reduction in attack rate relative to baseline,secondary_responder,12 weeks (Day 0-84),84,2,11,participants,None (monotherapy),"Pregnancy or breast-feeding; clinically significant ECG; abnormal hepatic or renal function; use of C1-INH, oral kallikrein inhibitors, attenuated androgens, antifibrinolytics or monoclonal HAE therapy within a defined period prior to enrolment; other investigational drug within defined period",S03,https://clinicaltrials.gov/study/NCT05047185,Results section: secondary outcome measure 3,2026-10-05,reported,verified_primary,Retrieved from ClinicalTrials.gov structured results API (v2),2026-10-05,"Denominator = randomised participants in Part 1 placebo arm"
C1-02,Deucrictibant IR,CHAPTER-1,NCT05047185,Placebo,Adults with HAE type I or type II,11,Proportion of participants achieving at least 70% reduction in attack rate relative to baseline,secondary_responder,12 weeks (Day 0-84),84,2,11,participants,None (monotherapy),"Pregnancy or breast-feeding; clinically significant ECG; abnormal hepatic or renal function; HAE background-therapy washout",S03,https://clinicaltrials.gov/study/NCT05047185,Results section: secondary outcome measure 3,2026-10-05,reported,verified_primary,Retrieved from ClinicalTrials.gov structured results API (v2),2026-10-05,
C1-03,Deucrictibant IR,CHAPTER-1,NCT05047185,Placebo,Adults with HAE type I or type II,11,Proportion of participants achieving at least 90% reduction in attack rate relative to baseline,secondary_responder,12 weeks (Day 0-84),84,0,11,participants,None (monotherapy),"Pregnancy or breast-feeding; clinically significant ECG; abnormal hepatic or renal function; HAE background-therapy washout",S03,https://clinicaltrials.gov/study/NCT05047185,Results section: secondary outcome measure 3,2026-10-05,reported,verified_primary,Retrieved from ClinicalTrials.gov structured results API (v2),2026-10-05,
C1-04,Deucrictibant IR,CHAPTER-1,NCT05047185,Placebo,Adults with HAE type I or type II,11,Proportion of participants who were investigator-confirmed attack-free,secondary_responder,12 weeks (Day 0-84),84,0,11,participants,None (monotherapy),"Pregnancy or breast-feeding; clinically significant ECG; abnormal hepatic or renal function; HAE background-therapy washout",S03,https://clinicaltrials.gov/study/NCT05047185,Results section: secondary outcome measure 4,2026-10-05,reported,verified_primary,Retrieved from ClinicalTrials.gov structured results API (v2),2026-10-05,
C1-05,Deucrictibant IR,CHAPTER-1,NCT05047185,Deucrictibant 10 mg BID,Adults with HAE type I or type II,11,Proportion of participants achieving at least 50% reduction in attack rate relative to baseline,secondary_responder,12 weeks (Day 0-84),84,9,11,participants,None (monotherapy),"Pregnancy or breast-feeding; clinically significant ECG; abnormal hepatic or renal function; HAE background-therapy washout",S03,https://clinicaltrials.gov/study/NCT05047185,Results section: secondary outcome measure 3,2026-10-05,reported,verified_primary,Retrieved from ClinicalTrials.gov structured results API (v2),2026-10-05,
C1-06,Deucrictibant IR,CHAPTER-1,NCT05047185,Deucrictibant 10 mg BID,Adults with HAE type I or type II,11,Proportion of participants achieving at least 70% reduction in attack rate relative to baseline,secondary_responder,12 weeks (Day 0-84),84,9,11,participants,None (monotherapy),"Pregnancy or breast-feeding; clinically significant ECG; abnormal hepatic or renal function; HAE background-therapy washout",S03,https://clinicaltrials.gov/study/NCT05047185,Results section: secondary outcome measure 3,2026-10-05,reported,verified_primary,Retrieved from ClinicalTrials.gov structured results API (v2),2026-10-05,
C1-07,Deucrictibant IR,CHAPTER-1,NCT05047185,Deucrictibant 10 mg BID,Adults with HAE type I or type II,11,Proportion of participants achieving at least 90% reduction in attack rate relative to baseline,secondary_responder,12 weeks (Day 0-84),84,6,11,participants,None (monotherapy),"Pregnancy or breast-feeding; clinically significant ECG; abnormal hepatic or renal function; HAE background-therapy washout",S03,https://clinicaltrials.gov/study/NCT05047185,Results section: secondary outcome measure 3,2026-10-05,reported,verified_primary,Retrieved from ClinicalTrials.gov structured results API (v2),2026-10-05,
C1-08,Deucrictibant IR,CHAPTER-1,NCT05047185,Deucrictibant 10 mg BID,Adults with HAE type I or type II,11,Proportion of participants who were investigator-confirmed attack-free,secondary_responder,12 weeks (Day 0-84),84,6,11,participants,None (monotherapy),"Pregnancy or breast-feeding; clinically significant ECG; abnormal hepatic or renal function; HAE background-therapy washout",S03,https://clinicaltrials.gov/study/NCT05047185,Results section: secondary outcome measure 4,2026-10-05,reported,verified_primary,Retrieved from ClinicalTrials.gov structured results API (v2),2026-10-05,"Attack-free over 12 weeks - a much shorter window than CHAPTER-3 (24 weeks)"
C1-09,Deucrictibant IR,CHAPTER-1,NCT05047185,Deucrictibant 20 mg BID,Adults with HAE type I or type II,12,Proportion of participants achieving at least 50% reduction in attack rate relative to baseline,secondary_responder,12 weeks (Day 0-84),84,9,12,participants,None (monotherapy),"Pregnancy or breast-feeding; clinically significant ECG; abnormal hepatic or renal function; HAE background-therapy washout",S03,https://clinicaltrials.gov/study/NCT05047185,Results section: secondary outcome measure 3,2026-10-05,reported,verified_primary,Retrieved from ClinicalTrials.gov structured results API (v2),2026-10-05,
C1-10,Deucrictibant IR,CHAPTER-1,NCT05047185,Deucrictibant 20 mg BID,Adults with HAE type I or type II,12,Proportion of participants achieving at least 70% reduction in attack rate relative to baseline,secondary_responder,12 weeks (Day 0-84),84,8,12,participants,None (monotherapy),"Pregnancy or breast-feeding; clinically significant ECG; abnormal hepatic or renal function; HAE background-therapy washout",S03,https://clinicaltrials.gov/study/NCT05047185,Results section: secondary outcome measure 3,2026-10-05,reported,verified_primary,Retrieved from ClinicalTrials.gov structured results API (v2),2026-10-05,
C1-11,Deucrictibant IR,CHAPTER-1,NCT05047185,Deucrictibant 20 mg BID,Adults with HAE type I or type II,12,Proportion of participants achieving at least 90% reduction in attack rate relative to baseline,secondary_responder,12 weeks (Day 0-84),84,6,12,participants,None (monotherapy),"Pregnancy or breast-feeding; clinically significant ECG; abnormal hepatic or renal function; HAE background-therapy washout",S03,https://clinicaltrials.gov/study/NCT05047185,Results section: secondary outcome measure 3,2026-10-05,reported,verified_primary,Retrieved from ClinicalTrials.gov structured results API (v2),2026-10-05,
C1-12,Deucrictibant IR,CHAPTER-1,NCT05047185,Deucrictibant 20 mg BID,Adults with HAE type I or type II,12,Proportion of participants who were investigator-confirmed attack-free,secondary_responder,12 weeks (Day 0-84),84,4,12,participants,None (monotherapy),"Pregnancy or breast-feeding; clinically significant ECG; abnormal hepatic or renal function; HAE background-therapy washout",S03,https://clinicaltrials.gov/study/NCT05047185,Results section: secondary outcome measure 4,2026-10-05,reported,verified_primary,Retrieved from ClinicalTrials.gov structured results API (v2),2026-10-05,
C1-13,Deucrictibant IR,CHAPTER-1,NCT05047185,Placebo,Adults with HAE type I or type II,11,Mean monthly rate of investigator-confirmed HAE attacks (least-squares mean),primary_rate,12 weeks (Day 0-84),84,,,attacks per 4 weeks,None (monotherapy),"Pregnancy or breast-feeding; clinically significant ECG; abnormal hepatic or renal function; HAE background-therapy washout",S03,https://clinicaltrials.gov/study/NCT05047185,Results section: primary outcome measure,2026-10-05,reported,verified_primary,Retrieved from ClinicalTrials.gov structured results API (v2),2026-10-05,"LS mean 1.93 (SE 0.391)"
C1-14,Deucrictibant IR,CHAPTER-1,NCT05047185,Deucrictibant 10 mg BID,Adults with HAE type I or type II,11,Mean monthly rate of investigator-confirmed HAE attacks (least-squares mean),primary_rate,12 weeks (Day 0-84),84,,,attacks per 4 weeks,None (monotherapy),"Pregnancy or breast-feeding; clinically significant ECG; abnormal hepatic or renal function; HAE background-therapy washout",S03,https://clinicaltrials.gov/study/NCT05047185,Results section: primary outcome measure,2026-10-05,reported,verified_primary,Retrieved from ClinicalTrials.gov structured results API (v2),2026-10-05,"LS mean 0.40 (SE 0.170)"
C1-15,Deucrictibant IR,CHAPTER-1,NCT05047185,Deucrictibant 20 mg BID,Adults with HAE type I or type II,12,Mean monthly rate of investigator-confirmed HAE attacks (least-squares mean),primary_rate,12 weeks (Day 0-84),84,,,attacks per 4 weeks,None (monotherapy),"Pregnancy or breast-feeding; clinically significant ECG; abnormal hepatic or renal function; HAE background-therapy washout",S03,https://clinicaltrials.gov/study/NCT05047185,Results section: primary outcome measure,2026-10-05,reported,verified_primary,Retrieved from ClinicalTrials.gov structured results API (v2),2026-10-05,"LS mean 0.30 (SE 0.153)"
H3-01,Lanadelumab,HELP-03,NCT02586805,Placebo,Adults with HAE type I or type II,41,Rate of investigator-confirmed HAE attacks during the treatment period,primary_rate,182 days (26 weeks),182,,,attacks per 4 weeks,Matched placebo (SC q2w),"Other chronic recurrent angioedema (acquired, idiopathic or urticaria-associated); prior DX-2930 exposure; ACE-inhibitor or estrogen within 4 weeks; androgens within 2 weeks; long-term prophylaxis within 2 weeks",S04,https://clinicaltrials.gov/study/NCT02586805,Results section: primary outcome measure,2026-10-05,reported,verified_primary,Retrieved from ClinicalTrials.gov structured results API (v2),2026-10-05,"LS mean 1.967 attacks per 4 weeks. NOTE: total randomised n=125 (41/28/29/27) - the pitch deck's 'n=275 per arm' figure is not supported by the registry record."
H3-02,Lanadelumab,HELP-03,NCT02586805,Lanadelumab 300 mg every 2 weeks,Adults with HAE type I or type II,27,Rate of investigator-confirmed HAE attacks during the treatment period,primary_rate,182 days (26 weeks),182,,,attacks per 4 weeks,Matched placebo run-in then SC dosing,"Other chronic recurrent angioedema; prior DX-2930 exposure; ACE-inhibitor or estrogen within 4 weeks; androgens within 2 weeks; long-term prophylaxis within 2 weeks",S04,https://clinicaltrials.gov/study/NCT02586805,Results section: primary outcome measure,2026-10-05,reported,verified_primary,Retrieved from ClinicalTrials.gov structured results API (v2),2026-10-05,"LS mean 0.257 attacks per 4 weeks => placebo-adjusted reduction 86.9% (calculated)"
H3-03,Lanadelumab,HELP-03,NCT02586805,Lanadelumab 300 mg every 4 weeks,Adults with HAE type I or type II,29,Rate of investigator-confirmed HAE attacks during the treatment period,primary_rate,182 days (26 weeks),182,,,attacks per 4 weeks,Matched placebo run-in then SC dosing,"Other chronic recurrent angioedema; prior DX-2930 exposure; ACE-inhibitor or estrogen within 4 weeks; androgens within 2 weeks; long-term prophylaxis within 2 weeks",S04,https://clinicaltrials.gov/study/NCT02586805,Results section: primary outcome measure,2026-10-05,reported,verified_primary,Retrieved from ClinicalTrials.gov structured results API (v2),2026-10-05,"LS mean 0.526 attacks per 4 weeks => placebo-adjusted reduction 73.3% (calculated)"
H3-04,Lanadelumab,HELP-03,NCT02586805,Lanadelumab 150 mg every 4 weeks,Adults with HAE type I or type II,28,Rate of investigator-confirmed HAE attacks during the treatment period,primary_rate,182 days (26 weeks),182,,,attacks per 4 weeks,Matched placebo run-in then SC dosing,"Other chronic recurrent angioedema; prior DX-2930 exposure; ACE-inhibitor or estrogen within 4 weeks; androgens within 2 weeks; long-term prophylaxis within 2 weeks",S04,https://clinicaltrials.gov/study/NCT02586805,Results section: primary outcome measure,2026-10-05,reported,verified_primary,Retrieved from ClinicalTrials.gov structured results API (v2),2026-10-05,"LS mean 0.480 attacks per 4 weeks => placebo-adjusted reduction 75.6% (calculated)"
A2-01,Berotralstat,APeX-2,NCT03485911,Placebo,Adults and adolescents with HAE type I or type II,41,Rate of investigator-confirmed HAE attacks during the entire 24-week treatment period,primary_rate,168 days (24 weeks),168,,,attacks per 28 days,Matched placebo (PO qd),"C1-INH within 14 days or androgens/tranexamic acid within 28 days prior to screening; pregnancy; clinically significant medical condition",S05,https://clinicaltrials.gov/study/NCT03485911,Results section: primary outcome measure (Part 1),2026-10-05,reported,verified_primary,Retrieved from ClinicalTrials.gov structured results API (v2),2026-10-05,"2.35 attacks per 28 days (Part 1)"
A2-02,Berotralstat,APeX-2,NCT03485911,Berotralstat 150 mg QD,Adults and adolescents with HAE type I or type II,40,Rate of investigator-confirmed HAE attacks during the entire 24-week treatment period,primary_rate,168 days (24 weeks),168,,,attacks per 28 days,None (monotherapy),"C1-INH within 14 days or androgens/tranexamic acid within 28 days prior to screening; pregnancy; clinically significant medical condition",S05,https://clinicaltrials.gov/study/NCT03485911,Results section: primary outcome measure (Part 1),2026-10-05,reported,verified_primary,Retrieved from ClinicalTrials.gov structured results API (v2),2026-10-05,"1.31 attacks per 28 days => 44.3% placebo-adjusted reduction (calculated)"
A2-03,Berotralstat,APeX-2,NCT03485911,Berotralstat 110 mg QD,Adults and adolescents with HAE type I or type II,40,Rate of investigator-confirmed HAE attacks during the entire 24-week treatment period,primary_rate,168 days (24 weeks),168,,,attacks per 28 days,None (monotherapy),"C1-INH within 14 days or androgens/tranexamic acid within 28 days prior to screening; pregnancy; clinically significant medical condition",S05,https://clinicaltrials.gov/study/NCT03485911,Results section: primary outcome measure (Part 1),2026-10-05,reported,verified_primary,Retrieved from ClinicalTrials.gov structured results API (v2),2026-10-05,"1.65 attacks per 28 days => 29.8% placebo-adjusted reduction (calculated)"
CO-01,C1-esterase inhibitor (CSL830),COMPACT,NCT01912456,CSL830 60 IU/kg,Adults with HAE type I or type II,90,Time-normalized number of HAE attacks,primary_rate,Up to 28 weeks (two-period crossover),196,,,attacks per day,Two-period crossover with placebo periods,"Run-in period criteria per ClinicalTrials.gov; participants must tolerate both volume levels",S06,https://clinicaltrials.gov/study/NCT01912456,Results section: primary outcome measure,2026-10-05,reported,verified_primary,Retrieved from ClinicalTrials.gov structured results API (v2),2026-10-05,"0.02 attacks/day vs placebo 0.12-0.13 attacks/day. CROSSOVER DESIGN - not a parallel-group comparison."
CO-02,C1-esterase inhibitor (CSL830),COMPACT,NCT01912456,CSL830 60 IU/kg,Adults with HAE type I or type II,90,Percentage of subjects with a >=50% reduction in the number of HAE attacks,secondary_responder,Up to 28 weeks (two-period crossover),196,90,,percentage,None (crossover),"Run-in period criteria per ClinicalTrials.gov",S06,https://clinicaltrials.gov/study/NCT01912456,Results section: secondary outcome measure,2026-10-05,reported,verified_primary,Retrieved from ClinicalTrials.gov structured results API (v2),2026-10-05,"Reported as 90.0% of participants (percentage, not a count); 76.2% for the 40 IU/kg arm."
CO-03,C1-esterase inhibitor (CSL830),COMPACT,NCT01912456,CSL830 40 IU/kg,Adults with HAE type I or type II,90,Percentage of subjects with a >=50% reduction in the number of HAE attacks,secondary_responder,Up to 28 weeks (two-period crossover),196,76.2,,percentage,None (crossover),"Run-in period criteria per ClinicalTrials.gov",S06,https://clinicaltrials.gov/study/NCT01912456,Results section: secondary outcome measure,2026-10-05,reported,verified_primary,Retrieved from ClinicalTrials.gov structured results API (v2),2026-10-05,"Reported as 76.2% of participants (percentage, not a count)."
GA-01,Garadacimab,VANGUARD,NCT04656418,Garadacimab 400 mg load / 200 mg monthly,Adults and adolescents with HAE type I or type II,65,Mean number of investigator-confirmed HAE attacks per month vs placebo,primary_rate,24 weeks,168,,,attacks per month,Matched placebo,"Per VANGUARD protocol (Craig 2023)",S12,https://dig.pharmacy.uic.edu/faqs/2025-2/october-2025-faqs/what-new-drugs-are-available-for-the-management-of-hereditary-angioedema/,Table 2 (citing Craig 2023),2025-10-01,reported,corroborated_secondary,Secondary compilation; primary paper not independently re-checked,2026-10-05,"0.27 vs 2.01 attacks/month; -87% difference in means (95% CI -96 to -58; p<0.0001). Cross-trial context only."
DO-01,Donidalorsen,OASIS-HAE,NCT05139810,Donidalorsen 80 mg q4w,Adults with HAE type I or type II,90,Mean attack rate week 1-25 vs placebo,primary_rate,24 weeks,168,,,attacks per month,Matched placebo,"Per OASIS-HAE protocol (Riedl 2024)",S12,https://dig.pharmacy.uic.edu/faqs/2025-2/october-2025-faqs/what-new-drugs-are-available-for-the-management-of-hereditary-angioedema/,Table 2 (citing Riedl 2024),2025-10-01,reported,corroborated_secondary,Secondary compilation; primary paper not independently re-checked,2026-10-05,"81% lower (95% CI 65-89, p<0.001) for q4w; 55% lower (95% CI 22-74, p=0.004) for q8w. Cross-trial context only."
