claim_id,claim_source,claim_text,claim_value,verified_value,verification_status,source_id,source_url,impact_on_thesis
PC01,Original pitch clinical extract,"HELP-03 lanadelumab 300mg q2w arm size","275 patients","27 patients in the 300 mg every-2-weeks arm (trial total 125 randomised)",contradicted_by_primary_source,S04,https://clinicaltrials.gov/study/NCT02586805,"Inflates the apparent precision of the competitor benchmark; any rate computed on 275 is wrong."
PC02,Original pitch clinical extract,"HELP-03 attack-free participants","112 of 275","Not reported as an attack-free count in the registry results record",not_found_in_primary_source,S04,https://clinicaltrials.gov/study/NCT02586805,"An unsourced attack-free benchmark cannot anchor a cross-trial efficacy comparison."
PC03,Original pitch clinical extract,"COMPACT (Haegarda) registry identifier","NCT01316303","NCT01912456",contradicted_by_primary_source,S06,https://clinicaltrials.gov/study/NCT01912456,"Wrong identifier; the cited record does not exist, so the row is not auditable as written."
PC04,Original pitch clinical extract,"CHANGE (Cinryze) registry identifier","NCT00262084","No such record returned by the registry",not_found_in_primary_source,,https://clinicaltrials.gov/,"Row cannot be verified; retained only as an unverified claim."
PC05,Original pitch clinical extract,"CHAPTER-1 sample size and window","18 patients; 4-week window","34 randomised overall (Part 1: 11 placebo / 11 / 12); 12-week double-blind treatment period",contradicted_by_primary_source,S03,https://clinicaltrials.gov/study/NCT05047185,"The pitch used a shorter window and smaller N than the registry record; window length mechanically changes attack-free rates."
PC06,Original pitch clinical extract,"CHAPTER-3 active-arm responder counts (>=50% / >=70% / >=90% / attack-free)","54 / 53 / 36 / 25 of 55","Endpoints are protocol-specified; counts are not in the public record as of 5 Oct 2026. Attack-free 25/55 is consistent with contemporaneous 'nearly half attack-free' reporting.",unverified_provisional,S01,https://app.edgar.tools/filing/1830487/0001193125-26-384339/phvs-ex99_1.htm,"Carried through the model as PROVISIONAL; the response distribution and subtype bounds inherit this uncertainty."
PC07,Original pitch valuation inputs,"Share price used in the model","USD 28.50 (dated 15 Jan 2024)","USD 31.19 (close 2 Oct 2026)",stale_input,S16,https://stockanalysis.com/stocks/phvs/,"Break-even arithmetic must be run against the live price, not the stale deck value."
PC08,Original pitch valuation inputs,"Shares outstanding","38,000,000","70,200,000",contradicted_by_primary_source,S16,https://stockanalysis.com/stocks/phvs/,"Doubling the share count roughly halves value per share; the pitch overstates per-share value."
PC09,Original pitch valuation inputs,"Cash and equivalents","USD 250,000,000","USD 363,630,000 (EUR 318.28m at 30 Jun 2026)",stale_input,S08,https://www.sec.gov/Archives/edgar/data/1830487/000119312526345702/phvs-ex99_1.htm,"Understates the net-cash cushion; modestly raises intrinsic value."
PC10,Original pitch commercial assumptions,"US addressable HAE patients","18,000","7,614 diagnosed prevalent (2021); claims range 6,595-9,559",contradicted_by_primary_source,S14,https://www.delveinsight.com/report-store/hereditary-angioedema-hae-market,"Overstating the US pool by ~2.4x mechanically inflates any penetration-based revenue model."
PC11,Original pitch commercial assumptions,"Global addressable HAE patients","60,000","~19,614 modelled (US 7,614 + EU5/UK 4,500 + RoW 7,500); 7MM+China 14,375 (2021)",contradicted_by_primary_source,S14,https://www.delveinsight.com/report-store/hereditary-angioedema-hae-market,"Global TAM overstated ~3x; every derived share-of-market figure falls proportionally."
PC12,Original pitch commercial assumptions,"Prophylaxis approval probability","0.70","0.88 used as the post-pivotal base case (editable)",outdated_input,S01,https://app.edgar.tools/filing/1830487/0001193125-26-384339/phvs-ex99_1.htm,"A pre-pivotal success rate applied after a positive Phase 3 understates value and double-counts risk that has already resolved."
PC13,Original pitch commercial assumptions,"US prophylaxis launch year","2027","1H 2027 on-demand; prophylaxis NDA 1H 2027 with a guided 1H 2028 launch",contradicted_by_primary_source,S20,https://stockanalysis.com/stocks/phvs/transcripts/733290-wells-fargo-21st-annual-healthcare-conference/,"Pulling prophylaxis revenue forward a year inflates present value."
PC14,Original pitch commercial assumptions,"US on-demand launch year","2026","2027 (FDA accepted the NDA in July 2026; PDUFA 23 Apr 2027)",contradicted_by_primary_source,S22,https://trial.medpath.com/news/pharvaris-s-oral-deucrictibant-xr-cuts-hae-attack-rate-83-in-phase-iii-chapter-3,"On-demand revenue cannot begin before approval."
PC15,Original pitch valuation inputs,"Stated value per share implied by the pitch cash-flow table","Not stated explicitly in the CSV; internal cumulative column omits the terminal value","Reproduced: USD 13.0 if the pitch's own cumulative column is used, USD 18.25 if the terminal value is added, on 38m shares",reconciliation_gap,S15,https://ir.pharvaris.com/node/7946/html,"The pitch model as imported does not by itself support the market price; the gap is the object of the break-even analysis."
