source_id,title,publisher,source_type,url,publication_date,retrieval_date,used_for,notes
S01,Pharvaris announces positive topline data from CHAPTER-3 pivotal study of deucrictibant XR (Exhibit 99.1),Pharvaris N.V. / GlobeNewswire,primary_company_disclosure,https://app.edgar.tools/filing/1830487/0001193125-26-384339/phvs-ex99_1.htm,2026-09-08,2026-10-05,CHAPTER-3 efficacy and design,"Primary disclosure: N=85 randomised 2:1 (55/30), 24 weeks, 83% rate reduction p<0.0001, 87% in type 1/2 (n=80), NDA planned 1H2027"
S02,Study of Oral Deucrictibant Extended-Release Tablet for Prophylaxis (CHAPTER-3),ClinicalTrials.gov,primary_registry,https://clinicaltrials.gov/study/NCT06669754,2026-02-13,2026-10-05,CHAPTER-3 endpoint definitions and exclusions,"Endpoint text: >=50%, >=70%, >=90% responder proportions and attack-free proportion are protocol-specified secondary endpoints; no results posted as of retrieval date"
S03,Dose-ranging Study of Oral PHA-022121 for Prophylaxis (CHAPTER-1) - structured results,ClinicalTrials.gov,primary_registry_results,https://clinicaltrials.gov/study/NCT05047185,2026-10-05,2026-10-05,CHAPTER-1 responder and rate data,Retrieved via ClinicalTrials.gov API v2: 11/11/12 randomised in Part 1; responder counts and LS-mean attack rates
S04,Efficacy and Safety Study of DX-2930 to Prevent Acute Angioedema Attacks (HELP-03) - structured results,ClinicalTrials.gov,primary_registry_results,https://clinicaltrials.gov/study/NCT02586805,2026-10-05,2026-10-05,HELP-03 arm sizes and attack rates,Retrieved via ClinicalTrials.gov API v2: total randomised n=125 (41 placebo / 28 / 29 / 27); LS-mean rates per 4 weeks
S05,Efficacy and Safety Study of BCX7353 for Prevention of Attacks in HAE (APeX-2) - structured results,ClinicalTrials.gov,primary_registry_results,https://clinicaltrials.gov/study/NCT03485911,2026-10-05,2026-10-05,APeX-2 arm sizes and attack rates,Retrieved via ClinicalTrials.gov API v2: 41 placebo / 40 / 40; 1.65 and 1.31 vs 2.35 attacks per 28 days
S06,Study of Subcutaneous C1-esterase Inhibitor for Prevention of HAE (COMPACT) - structured results,ClinicalTrials.gov,primary_registry_results,https://clinicaltrials.gov/study/NCT01912456,2026-10-05,2026-10-05,COMPACT responder percentages and rates,Retrieved via ClinicalTrials.gov API v2: two-period crossover; >=50% reduction reported as 90.0% (60 IU/kg) and 76.2% (40 IU/kg)
S07,Study of Oral Deucrictibant Soft Capsule for On-Demand Treatment (RAPIDe-3),ClinicalTrials.gov,primary_registry,https://clinicaltrials.gov/study/NCT06343779,2026-10-05,2026-10-05,Acute (on-demand) programme status,n=134 actual; primary endpoint = time to onset of symptom relief (PGI-C); no structured results posted as of retrieval date
S08,Pharvaris second quarter 2026 financial results (6-K Exhibit 99.1),Pharvaris N.V. / SEC EDGAR,primary_regulatory_filing,https://www.sec.gov/Archives/edgar/data/1830487/000119312526345702/phvs-ex99_1.htm,2026-08-12,2026-10-05,"Cash burn, opex, runway","Cash EUR 318.3m at 30 Jun 2026; Q2 R&D EUR 35.0m, G&A EUR 15.8m, net loss EUR 47.8m; May 2026 offering net EUR 105.8m; runway into 2028"
S09,Takeda FY2025 fourth quarter and full year results,Takeda Pharmaceutical Company Limited,primary_company_disclosure,https://www.takeda.com/newsroom/newsreleases/2026/takeda-reports-fourth-quarter-fy2025-results/,2026-05-13,2026-10-05,TAKHZYRO competitor revenue,TAKHZYRO FY2025 (year ended 31 Mar 2026) revenue JPY 223.9bn; FY2024 JPY 223.2bn
S10,Takeda FY2025 Q4 presentation - TAKHZYRO product page,Takeda Pharmaceutical Company Limited,primary_company_disclosure,https://assets-dam.takeda.com/image/upload/v1780626053/Global/Investor/Financial-Results/FY2025/Q4_0605/qr2025_q4_p01_en_20260605.pdf,2026-06-05,2026-10-05,TAKHZYRO patient numbers,"~6,900 patients treated globally; >20,000 patient-years; #1 prescribed modern long-term prophylaxis; 55+ countries"
S11,Takeda FY2025 annual securities report - revenue disaggregation,Takeda Pharmaceutical Company Limited,primary_regulatory_filing,https://www.sec.gov/Archives/edgar/data/1395064/000139506426000177/R43.htm,2026-06,2026-10-05,TAKHZYRO revenue confirmation,"JPY millions by product: TAKHZYRO 223,924 (FY ended 31 Mar 2026), 223,163 (prior year), 178,677 (year before)"
S12,What new drugs are available for the management of hereditary angioedema?,University of Illinois at Chicago Drug Information Group,secondary_review,https://dig.pharmacy.uic.edu/faqs/2025-2/october-2025-faqs/what-new-drugs-are-available-for-the-management-of-hereditary-angioedema/,2025-10-01,2026-10-05,Competitor trial results (secondary),"Summarises VANGUARD (Craig 2023), OASIS-HAE (Riedl 2024), KONFIDENT (Riedl 2024) and lists all FDA-approved HAE agents as of 2025 including garadacimab, donidalorsen, sebetralstat"
S13,Establishing a hereditary angioedema prevalence for the United States using a large administrative claims database,Annals of Allergy Asthma & Immunology (PubMed),peer_reviewed,https://pubmed.ncbi.nlm.nih.gov/40414286/,2025-06-16,2026-10-05,US HAE epidemiology,"Claims-based unadjusted US prevalence 2.43-2.67 per 100,000 (8,694-9,559 people, 2018-2020); expert-adjusted 1.84-2.13 per 100,000 (6,595-7,602 people)"
S14,Hereditary Angioedema Market Insights Epidemiology and Market Forecast,DelveInsight,secondary_market_research,https://www.delveinsight.com/report-store/hereditary-angioedema-hae-market,2024-01-03,2026-10-05,US and 7MM diagnosed prevalence,"US diagnosed prevalent HAE cases 7,614 in 2021; 7MM + China 14,375 in 2021; US HAE therapy market USD 1,769m in 2021"
S15,Pharvaris annual report on Form 20-F (risk factors and market context),Pharvaris N.V. / SEC EDGAR,primary_regulatory_filing,https://ir.pharvaris.com/node/7946/html,2026-04-02,2026-10-05,HAE market size and share count,"Global HAE treatment sales ~USD 2.7bn in 2022 forecast to ~USD 4.3bn by 2027 (company citation of public research); 65,210,590 ordinary shares outstanding at 31 Dec 2025"
S16,Pharvaris reports second quarter 2026 financial results and business update (stockanalysis.com),StockAnalysis.com,secondary_aggregator,https://stockanalysis.com/stocks/phvs/,2026-10-02,2026-10-05,"Market price, shares, cash, targets",Close USD 31.19 on 2 Oct 2026; market cap USD 2.19bn; 70.20m shares; cash USD 363.63m; net cash USD 362.86m; 52-week range 20.65-43.25; 14-analyst mean target USD 57.58
S17,BioCryst Pharmaceuticals stock and news overview (Q2 2026 Orladeyo results),StockAnalysis.com,secondary_aggregator,https://stockanalysis.com/stocks/bcrx/,2026-10-02,2026-10-05,Orladeyo competitor revenue,Q2 2026 Orladeyo net revenue USD 158.2m (total revenue USD 218.3m); FY2026 Orladeyo guidance up to USD 645m
S18,Pharvaris outlines 2026 strategic priorities,Pharvaris N.V.,primary_company_disclosure,https://ir.pharvaris.com/news-releases/news-release-details/pharvaris-outlines-2026-strategic-priorities/,2026-01-12,2026-10-05,Timing of catalysts,CHAPTER-3 topline 3Q2026; on-demand NDA filing 1H2026; cash runway guidance
S19,Pharvaris fourth quarter and full year 2024 results,Pharvaris N.V. / GlobeNewswire,primary_company_disclosure,https://www.globenewswire.com/de/news-release/2025/04/07/3056547/0/en/Pharvaris-Reports-Fourth-Quarter-and-Full-Year-2024-Financial-Results-and-Provides-Business-Update.html,2025-04-07,2026-10-05,Long-term extension data and trial timelines,CHAPTER-1 open-label extension maintained reduced monthly attack rate for at least 18 months; median proportion of days with symptoms reduced to zero
S20,Pharvaris at the Wells Fargo 21st Annual Healthcare Conference (transcript),StockAnalysis.com / Wells Fargo,secondary_transcript,https://stockanalysis.com/stocks/phvs/transcripts/733290-wells-fargo-21st-annual-healthcare-conference/,2026-09-10,2026-10-05,Management commercial assumptions,"Management statements: 150-250 new long-term-prophylaxis patients per year; ~40% Orladeyo dropout (company claim); three commercial segments (new starts, oral switchers, injectable switchers)"
S21,Pharvaris CHAPTER-3 Phase 3 trial design (investigator slide deck),Pharvaris N.V.,primary_company_disclosure,https://ir.pharvaris.com/static-files/e7e9b074-6547-472a-924b-95e3bae44f58,2026-01,2026-10-05,CHAPTER-3 endpoints,"Lists >=50%, >=70%, >=90% responder proportions and proportion remaining attack free as secondary endpoints; randomisation stratified by baseline attack rate"
S22,Pharvaris topline coverage including 95% confidence interval for the primary endpoint,MedPath Trial,secondary_news,https://trial.medpath.com/news/pharvaris-s-oral-deucrictibant-xr-cuts-hae-attack-rate-83-in-phase-iii-chapter-3,2026-09-09,2026-10-05,CHAPTER-3 confidence interval,Reports 83% attack-rate reduction with 95% CI 72% to 90% and P<0.0001; notes FDA accepted the deucrictibant IR NDA in July 2026 with PDUFA 23 Apr 2027
S23,PHVS stock quote and short interest,Finviz,secondary_aggregator,https://finviz.com/stock?t=PHVS,2026-10-02,2026-10-05,Short interest and borrow context,Short interest 1.78m shares = 5.31% of float; short ratio 2.41; 52-week range 20.65-43.25
