year,revenue_prophylaxis_usd,revenue_acute_usd,total_revenue_usd,cogs_usd,rd_usd,sganda_usd,other_opex_usd,ebitda_usd,tax_usd,capex_usd,change_nwc_usd,fcf_usd,pv_fcf_usd,cumulative_pv_usd,shares_outstanding,diluted_shares,eps,notes
2024,0,0,0,0,120000000,80000000,0,-200000000,0,0,0,-200000000,-181818182,-181818182,38000000,39900000,-5.26,"Pre-revenue; R&D only"
2025,0,0,0,0,120000000,80000000,0,-200000000,0,0,0,-200000000,-165289256,-347107438,39900000,41895000,-5.01,"Pre-revenue; R&D only"
2026,0,12750000,12750000,1912500,120000000,80000000,0,-189162500,0,0,0,-189162500,-142718522,-489825960,41895000,43989750,-4.51,"Acute launch; minimal revenue"
2027,42500000,25500000,68000000,9450000,120000000,80000000,0,-141450000,0,0,0,-141450000,-97518165,-587344125,43989750,46189238,-3.22,"Prophylaxis launch; both products"
2028,127500000,51000000,178500000,24862500,120000000,80000000,0,-46362500,0,0,0,-46362500,-29351900,-616696025,46189238,48498700,-1.00,"Ramping"
2029,255000000,85000000,340000000,47300000,120000000,80000000,0,92700000,0,0,0,92700000,53730000,-562966025,48498700,50923635,1.91,"Approaching peak"
2030,382500000,102000000,484500000,67425000,120000000,80000000,0,217075000,43415000,0,0,173660000,92210000,-470756025,50923635,53469817,3.41,"Near peak"
2031,467500000,119000000,586500000,81675000,120000000,80000000,0,304825000,60965000,0,0,243860000,118500000,-352256025,53469817,56143308,4.55,"Peak prophylaxis"
2032,510000000,119000000,629000000,87625000,120000000,80000000,0,341375000,68275000,0,0,273100000,121800000,-230456025,56143308,58950473,4.85,"Peak"
2033,510000000,119000000,629000000,87625000,120000000,80000000,0,341375000,68275000,0,0,273100000,110700000,-119756025,58950473,61897997,4.64,"Peak"
2034,484500000,113050000,597550000,83297500,120000000,80000000,0,314252500,62850500,0,0,251402000,93400000,-26356025,58950473,61897997,4.25,"Begin decline"
2035,436050000,107397500,543447500,75726750,120000000,80000000,0,267720750,53544150,0,0,214176600,73100000,46743975,58950473,61897997,3.64,"Declining"
2036,392445000,102027625,494472625,68894625,120000000,80000000,0,225578000,45115600,0,0,180462400,56300000,102946375,58950473,61897997,3.07,"Declining"
2037,353200500,96926244,450126744,62718825,120000000,80000000,0,187407919,37481584,0,0,149926335,42800000,145746375,58950473,61897997,2.55,"Declining"
2038,317880450,92080031,409960481,57093675,120000000,80000000,0,152866806,30573361,0,0,122293445,32000000,177746375,58950473,61897997,2.08,"Declining"
2039,286092405,87476030,373568435,51998475,120000000,80000000,0,121569960,24313992,0,0,97255968,23300000,201046375,58950473,61897997,1.65,"Declining"
2040,257483165,83102228,340585393,47395225,120000000,80000000,0,93190168,18638034,0,0,74552134,16400000,217446375,58950473,61897997,1.26,"Declining"
2041,231734848,78947117,310681965,43112700,120000000,80000000,0,67569265,13513853,0,0,54055412,11100000,228546375,58950473,61897997,0.91,"Declining"
2042,208561363,74999761,283561124,39268125,120000000,80000000,0,44292999,8858600,0,0,35434399,6600000,235146375,58950473,61897997,0.60,"Declining"
2043,187705227,71249773,258955000,35783250,120000000,80000000,0,23171750,4634350,0,0,18537400,3200000,238346375,58950473,61897997,0.31,"Declining"
2044,168934704,67687284,236621988,32634975,120000000,80000000,0,39869713,7973943,0,0,31895770,5000000,243346375,58950473,61897997,0.15,"Terminal"
terminal_value,0,0,0,0,0,0,0,0,0,0,0,1275827000,200000000,243346375,58950473,61897997,3.93,"Terminal value at 2044 exit"